{
  "k": 0.5,
  "seed": 42,
  "n_train": 1000,
  "epochs": 200,
  "noise_rate": 0.15,
  "augment": true,
  "lr": 0.0001,
  "params": 44370,
  "widths": [
    8,
    16,
    32
  ],
  "norm_kind": "bn",
  "train_acc": 49.3,
  "test_acc": 39.26,
  "test_loss": 1.7093755920410156,
  "train_wallclock_sec": 31.579606294631958,
  "jacobian_wallclock_sec": 0.2904376983642578,
  "n_ntk_samples": 12,
  "num_logits_used": 10,
  "num_trainable_params": 44370,
  "ntk_shape": [
    12,
    12
  ],
  "trace": 2290399.5078124995,
  "top_eigenvalue": 966950.0435496655,
  "min_positive_eigenvalue": 24020.027084977708,
  "condition_number": 40.25599305649421,
  "stable_rank": 2.368684424900031,
  "stable_rank_normalized": 0.19739036874166926,
  "participation_ratio": 4.163853588015726,
  "participation_ratio_normalized": 0.34698779900131055,
  "spectral_entropy": 1.8327964516117243,
  "top_eigenvalues": [
    966950.0435496655,
    458327.32152927265,
    231570.64604030317,
    159116.0150724453,
    110300.3351346757,
    107392.94446918767,
    69065.73532699836,
    49106.63600287468,
    42357.67049578257,
    38980.88637442639,
    33211.24673188944,
    24020.027084977708
  ],
  "all_eigenvalues": [
    966950.0435496655,
    458327.32152927265,
    231570.64604030317,
    159116.0150724453,
    110300.3351346757,
    107392.94446918767,
    69065.73532699836,
    49106.63600287468,
    42357.67049578257,
    38980.88637442639,
    33211.24673188944,
    24020.027084977708
  ]
}