{
  "k": 0.125,
  "seed": 42,
  "n_train": 1000,
  "epochs": 200,
  "noise_rate": 0.15,
  "augment": true,
  "lr": 0.0001,
  "params": 2988,
  "widths": [
    2,
    4,
    8
  ],
  "norm_kind": "gn",
  "train_acc": 15.1,
  "test_acc": 14.8,
  "test_loss": 2.2911837585449217,
  "train_wallclock_sec": 57.32183575630188,
  "jacobian_wallclock_sec": 0.4071676731109619,
  "n_ntk_samples": 12,
  "num_logits_used": 10,
  "num_trainable_params": 2988,
  "ntk_shape": [
    12,
    12
  ],
  "trace": 2997.0397644042982,
  "top_eigenvalue": 1129.5674191394098,
  "min_positive_eigenvalue": 60.35453756869129,
  "condition_number": 18.715534318423295,
  "stable_rank": 2.6532632878944673,
  "stable_rank_normalized": 0.2211052739912056,
  "participation_ratio": 5.2787403897950025,
  "participation_ratio_normalized": 0.4398950324829169,
  "spectral_entropy": 2.058661026425911,
  "top_eigenvalues": [
    1129.5674191394098,
    400.6420205732368,
    277.9222405372238,
    256.69184643446164,
    188.59380144775025,
    158.3462471963554,
    135.93618917764368,
    126.30143707605279,
    101.02232784315069,
    84.9416326098844,
    76.7200648004371,
    60.35453756869129
  ],
  "all_eigenvalues": [
    1129.5674191394098,
    400.6420205732368,
    277.9222405372238,
    256.69184643446164,
    188.59380144775025,
    158.3462471963554,
    135.93618917764368,
    126.30143707605279,
    101.02232784315069,
    84.9416326098844,
    76.7200648004371,
    60.35453756869129
  ]
}