{
  "k": 0.1875,
  "seed": 42,
  "n_train": 1000,
  "epochs": 200,
  "noise_rate": 0.15,
  "augment": true,
  "lr": 0.0001,
  "params": 6505,
  "widths": [
    3,
    6,
    12
  ],
  "norm_kind": "bn",
  "train_acc": 28.2,
  "test_acc": 29.61,
  "test_loss": 1.9518453796386719,
  "train_wallclock_sec": 30.340410947799683,
  "jacobian_wallclock_sec": 0.2984898090362549,
  "n_ntk_samples": 12,
  "num_logits_used": 10,
  "num_trainable_params": 6505,
  "ntk_shape": [
    12,
    12
  ],
  "trace": 263635.04101562506,
  "top_eigenvalue": 175741.05627566832,
  "min_positive_eigenvalue": 314.50381066606303,
  "condition_number": 558.7883208902305,
  "stable_rank": 1.5001334725226971,
  "stable_rank_normalized": 0.12501112271022477,
  "participation_ratio": 2.124630176967591,
  "participation_ratio_normalized": 0.17705251474729924,
  "spectral_entropy": 1.2264235976791038,
  "top_eigenvalues": [
    175741.05627566832,
    32939.816133522305,
    24288.401580752237,
    7538.374086193474,
    5961.99187629768,
    5541.469659063106,
    3651.594120709391,
    2696.2660081961035,
    2448.7571758993813,
    1691.3965199415916,
    821.4137687154627,
    314.50381066606303
  ],
  "all_eigenvalues": [
    175741.05627566832,
    32939.816133522305,
    24288.401580752237,
    7538.374086193474,
    5961.99187629768,
    5541.469659063106,
    3651.594120709391,
    2696.2660081961035,
    2448.7571758993813,
    1691.3965199415916,
    821.4137687154627,
    314.50381066606303
  ]
}