{
  "k": 0.25,
  "seed": 42,
  "n_train": 1000,
  "epochs": 200,
  "noise_rate": 0.15,
  "augment": true,
  "lr": 0.0001,
  "params": 11374,
  "widths": [
    4,
    8,
    16
  ],
  "norm_kind": "bn",
  "train_acc": 31.9,
  "test_acc": 29.36,
  "test_loss": 1.946721923828125,
  "train_wallclock_sec": 30.68308162689209,
  "jacobian_wallclock_sec": 0.25053930282592773,
  "n_ntk_samples": 12,
  "num_logits_used": 10,
  "num_trainable_params": 11374,
  "ntk_shape": [
    12,
    12
  ],
  "trace": 328626.4072265626,
  "top_eigenvalue": 147911.4438512446,
  "min_positive_eigenvalue": 1869.234862584109,
  "condition_number": 79.12940573276362,
  "stable_rank": 2.2217781036406086,
  "stable_rank_normalized": 0.18514817530338404,
  "participation_ratio": 3.7304221769836463,
  "participation_ratio_normalized": 0.3108685147486372,
  "spectral_entropy": 1.7082619517589295,
  "top_eigenvalues": [
    147911.4438512446,
    69141.73270094601,
    33160.30214000136,
    26566.058500284307,
    14145.85854601828,
    12723.762955152264,
    7496.881419679364,
    5455.353958260184,
    3760.83831112925,
    3428.0763210201185,
    2966.8636602427437,
    1869.234862584109
  ],
  "all_eigenvalues": [
    147911.4438512446,
    69141.73270094601,
    33160.30214000136,
    26566.058500284307,
    14145.85854601828,
    12723.762955152264,
    7496.881419679364,
    5455.353958260184,
    3760.83831112925,
    3428.0763210201185,
    2966.8636602427437,
    1869.234862584109
  ]
}